{"cameraMode":{"drawMode":0,"name":"Shaded","section":"Shading Mode"},"sceneLighting":true,"audioPlay":false,"sceneViewState":{"m_AlwaysRefresh":false,"showFog":true,"showSkybox":true,"showFlares":true,"showImageEffects":true,"showParticleSystems":true,"showVisualEffectGraphs":true,"m_FxEnabled":true},"in2DMode":false,"pivot":{"x":0.8447732925415039,"y":1.5443298816680909,"z":-1.2977867126464844},"rotation":{"x":0.1343662440776825,"y":0.3764391541481018,"z":-0.05528143793344498,"w":0.9149805307388306},"size":9.638790130615235,"orthographic":false}